<?xml version="1.0" encoding="UTF-8"?>
<treebank>
  <!-- tokens means "surface tokens", e.g. Spanish "vámonos" counts as one token
       words means "syntactic words", e.g. Spanish "vámonos" is split to two words, "vamos" and "nos"
       fused is the number of tokens that are split to two or more syntactic words
       The words and fused elements can be omitted if no token is split to smaller syntactic words. -->
  <size>
    <total><sentences>14545</sentences><tokens>229753</tokens><words>229753</words><fused>0</fused></total>
  </size>
  <lemmas unique="15050" /><!-- the, ., be, ,, to, and, a, i, of, in, you, have, that, it, for -->
  <forms unique="18053" /><!-- the, ., ,, to, and, a, of, i, in, is, you, that, it, for, - -->
  <fusions unique="0" /><!--  -->
  <!-- Statistics of universal POS tags. The comments with the most frequent lemmas are optional (but easy to obtain). -->
  <tags unique="17">
    <tag name="ADJ">14266</tag><!-- good, other, great, best, new, many, more, same, last, first -->
    <tag name="ADP">19661</tag><!-- of, in, to, for, on, with, at, from, by, as -->
    <tag name="ADV">11814</tag><!-- so, just, when, very, also, how, now, even, then, there -->
    <tag name="AUX">13852</tag><!-- be, have, will, do, can, would, could, should, may, might -->
    <tag name="CCONJ">7487</tag><!-- and, but, or, &, both, either, yet, plus, nor, not -->
    <tag name="DET">18180</tag><!-- the, a, this, all, some, any, no, that, these, another -->
    <tag name="INTJ">803</tag><!-- please, yes, no, well, hi, ok, like, hey, lol, oh -->
    <tag name="NOUN">38978</tag><!-- time, year, day, people, service, place, food, way, thanks, number -->
    <tag name="NUM">4377</tag><!-- one, two, 2, 3, 5, 1, 4, 10, three, 6 -->
    <tag name="PART">6197</tag><!-- to, not, 's, s, ', na, ta, too, -s, 2 -->
    <tag name="PRON">20795</tag><!-- i, you, it, they, he, we, my, that, she, this -->
    <tag name="PROPN">14824</tag><!-- bush, US, Iraq, al, enron, united, Iran, New, China, states -->
    <tag name="PUNCT">26762</tag><!-- ., ,, ", -, ), (, ?, :, !, ... -->
    <tag name="SCONJ">4245</tag><!-- that, if, as, because, for, of, before, after, since, while -->
    <tag name="SYM">666</tag><!-- $, -, :), %, /, +, |, :(, :-), x -->
    <tag name="VERB">25845</tag><!-- have, be, get, go, do, say, know, make, take, want -->
    <tag name="X">1001</tag><!-- etc, 1, 2, etc., 3, carol.st.clair@enron.com, 4, a, -, mid -->
  </tags>
  <!-- Statistics of features and values. The comments with the most frequent word forms are optional (but easy to obtain). -->
  <feats unique="35">
    <feat name="Case" value="Acc" upos="PRON">2933</feat><!-- me, it, you, them, him, us, her, yourself, myself, themselves -->
    <feat name="Case" value="Nom" upos="PRON">10614</feat><!-- i, you, it, they, we, he, she -->
    <feat name="Definite" value="Def" upos="DET,PRON">10044</feat><!-- the -->
    <feat name="Definite" value="Ind" upos="DET">4781</feat><!-- a, an -->
    <feat name="Degree" value="Cmp" upos="ADJ,ADV">692</feat><!-- more, better, less, earlier, later, longer, larger, bigger, higher, worse -->
    <feat name="Degree" value="Pos" upos="ADJ,ADV,NOUN,PROPN">13694</feat><!-- good, other, great, new, many, well, same, last, first, few -->
    <feat name="Degree" value="Sup" upos="ADJ,ADV">554</feat><!-- best, most, least, worst, largest, cheapest, highest, easiest, latest, oldest -->
    <feat name="Foreign" value="Yes" upos="X">33</feat><!-- la, a, de, del, guerre, hoc, non, Acedraz, Déjà, Hochrenaissance -->
    <feat name="Gender" value="Fem" upos="PRON">538</feat><!-- she, her, herself -->
    <feat name="Gender" value="Masc" upos="PRON">1619</feat><!-- he, his, him, himself -->
    <feat name="Gender" value="Neut" upos="PRON">2273</feat><!-- it, its, itself -->
    <feat name="Mood" value="Imp" upos="AUX,VERB">1405</feat><!-- let, do, go, see, take, get, try, be, make, put -->
    <feat name="Mood" value="Ind" upos="AUX,VERB">17285</feat><!-- is, was, are, have, has, do, were, had, 's, did -->
    <feat name="Number" value="Plur" upos="DET,NOUN,PRON,PROPN,VERB">13975</feat><!-- they, we, their, them, our, people, these, us, years, those -->
    <feat name="Number" value="Sing" upos="ADJ,ADP,AUX,DET,NOUN,NUM,PRON,PROPN,SYM,VERB,X">63170</feat><!-- i, is, it, was, this, my, he, me, has, that -->
    <feat name="NumType" value="Card" upos="NUM">4376</feat><!-- one, two, 2, 3, 5, 1, 4, 10, three, 6 -->
    <feat name="NumType" value="Mult" upos="ADV">71</feat><!-- once, twice -->
    <feat name="NumType" value="Ord" upos="ADJ,ADV">214</feat><!-- first, second, third, 5th, fourth, 19th, 2nd, 1st, 20th, 3rd -->
    <feat name="Person" value="1" upos="AUX,PRON,VERB">7473</feat><!-- i, my, we, me, our, am, us, was, myself, 's -->
    <feat name="Person" value="2" upos="PRON">3252</feat><!-- you, your, yourself, yourselves -->
    <feat name="Person" value="3" upos="AUX,PRON,VERB">13013</feat><!-- is, it, was, they, he, has, their, his, 's, them -->
    <feat name="Poss" value="Yes" upos="PRON">3337</feat><!-- my, your, their, his, our, its, her, whose, Theirs, you -->
    <feat name="PronType" value="Art" upos="DET,PRON">14825</feat><!-- the, a, an -->
    <feat name="PronType" value="Dem" upos="ADV,DET,PRON">2879</feat><!-- this, that, then, there, these, here, those -->
    <feat name="PronType" value="Int" upos="ADV,DET,PRON">1609</feat><!-- what, when, how, which, where, why, who, whatever, whom, whose -->
    <feat name="PronType" value="Prs" upos="PRON">16906</feat><!-- i, you, it, they, my, we, he, your, me, their -->
    <feat name="PronType" value="Rel" upos="ADV,DET,PRON">1285</feat><!-- that, who, which, where, when, whom, why, what, how, were -->
    <feat name="Reflex" value="Yes" upos="PRON">117</feat><!-- yourself, myself, themselves, itself, himself, ourselves, herself, yourselves -->
    <feat name="Tense" value="Past" upos="AUX,VERB">10365</feat><!-- was, had, were, been, did, said, made, got, called, told -->
    <feat name="Tense" value="Pres" upos="AUX,VERB">12367</feat><!-- is, are, have, has, do, 's, am, 'm, does, need -->
    <feat name="VerbForm" value="Fin" upos="AUX,VERB">22342</feat><!-- is, was, are, have, will, can, do, would, has, were -->
    <feat name="VerbForm" value="Ger" upos="AUX,VERB">2709</feat><!-- being, going, getting, having, following, including, looking, taking, doing, using -->
    <feat name="VerbForm" value="Inf" upos="AUX,VERB">9194</feat><!-- be, have, get, know, do, go, make, take, see, like -->
    <feat name="VerbForm" value="Part" upos="AUX,VERB">5447</feat><!-- been, going, attached, had, done, made, used, based, called, doing -->
    <feat name="Voice" value="Pass" upos="VERB">1319</feat><!-- made, attached, told, used, done, sent, called, born, given, allowed -->
  </feats>
  <!-- Statistics of universal dependency relations. -->
  <deps unique="50">
    <dep name="_">20</dep>
    <dep name="acl">1642</dep>
    <dep name="acl:relcl">2222</dep>
    <dep name="advcl">4207</dep>
    <dep name="advmod">12271</dep>
    <dep name="amod">10316</dep>
    <dep name="appos">1743</dep>
    <dep name="aux">7268</dep>
    <dep name="aux:pass">1526</dep>
    <dep name="case">19461</dep>
    <dep name="cc">7570</dep>
    <dep name="cc:preconj">117</dep>
    <dep name="ccomp">2637</dep>
    <dep name="compound">9251</dep>
    <dep name="compound:prt">821</dep>
    <dep name="conj">8489</dep>
    <dep name="cop">5044</dep>
    <dep name="csubj">319</dep>
    <dep name="csubj:pass">5</dep>
    <dep name="dep">10</dep>
    <dep name="det">17575</dep>
    <dep name="det:predet">186</dep>
    <dep name="discourse">825</dep>
    <dep name="dislocated">2</dep>
    <dep name="expl">668</dep>
    <dep name="fixed">549</dep>
    <dep name="flat">1645</dep>
    <dep name="flat:foreign">25</dep>
    <dep name="goeswith">297</dep>
    <dep name="iobj">423</dep>
    <dep name="list">536</dep>
    <dep name="mark">8261</dep>
    <dep name="nmod">7727</dep>
    <dep name="nmod:npmod">156</dep>
    <dep name="nmod:poss">4059</dep>
    <dep name="nmod:tmod">320</dep>
    <dep name="nsubj">18260</dep>
    <dep name="nsubj:pass">1300</dep>
    <dep name="nummod">2811</dep>
    <dep name="obj">11419</dep>
    <dep name="obl">10193</dep>
    <dep name="obl:npmod">507</dep>
    <dep name="obl:tmod">616</dep>
    <dep name="orphan">24</dep>
    <dep name="parataxis">1667</dep>
    <dep name="punct">26662</dep>
    <dep name="reparandum">35</dep>
    <dep name="root">14545</dep>
    <dep name="vocative">143</dep>
    <dep name="xcomp">3378</dep>
  </deps>
</treebank>
